{"ratio": [], "shift": [["APPARTENIR,GENRE", 0], ["APPARTENIR,JEU", 0], ["LIER,JEU", 0], ["LIER,NOTE", 0], ["ACCUEILLIR,JEU", 0], ["ACCUEILLIR,PLATEFORME", 0], ["ATTRIBUER,UTILISATEUR", 0], ["ATTRIBUER,NOTE", 0], ["AVOIR,EDITEUR/DEVELOPPEUR", 0], ["AVOIR,JEU", 0], ["UTILISER,EDITEUR/DEVELOPPEUR", 0], ["UTILISER,PLATEFORME", 0]], "colors": [["annotation_color", "#2166ac"], ["annotation_text_color", "#f7f7f7"], ["association_attribute_text_color", "#000000"], ["association_cartouche_color", "#92c5de"], ["association_cartouche_text_color", "#000000"], ["association_color", "#d1e5f0"], ["association_stroke_color", "#4393c3"], ["background_color", "#f7f7f7"], ["card_text_color", "#b2182b"], ["entity_attribute_text_color", "#000000"], ["entity_cartouche_color", "#f4a582"], ["entity_cartouche_text_color", "#000000"], ["entity_color", "#fddbc7"], ["entity_stroke_color", "#d6604d"], ["leg_stroke_color", "#4393c3"], ["transparent_color", "none"]], "cy": [["GENRE", 43], ["APPARTENIR", 43], ["UTILISATEUR", 195], ["LIER", 195], ["JEU", 195], ["ACCUEILLIR", 195], ["PLATEFORME", 195], ["ATTRIBUER", 381], ["NOTE", 381], ["AVOIR", 381], ["EDITEUR/DEVELOPPEUR", 381], ["UTILISER", 381]], "cx": [["GENRE", 158], ["APPARTENIR", 276], ["UTILISATEUR", 56], ["LIER", 158], ["JEU", 276], ["ACCUEILLIR", 423], ["PLATEFORME", 613], ["ATTRIBUER", 56], ["NOTE", 158], ["AVOIR", 276], ["EDITEUR/DEVELOPPEUR", 423], ["UTILISER", 613]], "size": [701, 458]}